{
	"partitions" : [
		{
			"name" : "Top",
			"pins" : [
				{
					"name" : "LED[0]",
					"strict" : false
				},
				{
					"name" : "LED[1]",
					"strict" : false
				},
				{
					"name" : "LED[2]",
					"strict" : false
				},
				{
					"name" : "LED[3]",
					"strict" : false
				},
				{
					"name" : "LED[4]",
					"strict" : false
				},
				{
					"name" : "LED[5]",
					"strict" : false
				},
				{
					"name" : "LED[6]",
					"strict" : false
				},
				{
					"name" : "LED[7]",
					"strict" : false
				},
				{
					"name" : "GPIO[0]",
					"strict" : false
				},
				{
					"name" : "GPIO[1]",
					"strict" : false
				},
				{
					"name" : "GPIO[2]",
					"strict" : false
				},
				{
					"name" : "GPIO[3]",
					"strict" : false
				},
				{
					"name" : "GPIO[4]",
					"strict" : false
				},
				{
					"name" : "GPIO[5]",
					"strict" : false
				},
				{
					"name" : "GPIO[6]",
					"strict" : false
				},
				{
					"name" : "GPIO[7]",
					"strict" : false
				},
				{
					"name" : "GPIO[8]",
					"strict" : false
				},
				{
					"name" : "GPIO[9]",
					"strict" : false
				},
				{
					"name" : "GPIO[10]",
					"strict" : false
				},
				{
					"name" : "GPIO[11]",
					"strict" : false
				},
				{
					"name" : "GPIO[12]",
					"strict" : false
				},
				{
					"name" : "GPIO[13]",
					"strict" : false
				},
				{
					"name" : "GPIO[14]",
					"strict" : false
				},
				{
					"name" : "GPIO[15]",
					"strict" : false
				},
				{
					"name" : "GPIO[16]",
					"strict" : false
				},
				{
					"name" : "GPIO[17]",
					"strict" : false
				},
				{
					"name" : "GPIO[18]",
					"strict" : false
				},
				{
					"name" : "GPIO[19]",
					"strict" : false
				},
				{
					"name" : "GPIO[20]",
					"strict" : false
				},
				{
					"name" : "GPIO[21]",
					"strict" : false
				},
				{
					"name" : "CLOCK_50",
					"strict" : false
				},
				{
					"name" : "KEY[0]",
					"strict" : false
				}
			]
		}
	]
}